timestamp,symbol,d1_bias,h4_bias,bias_strength,d1_bos_bar_index,d1_bos_level,h4_sl,h1_tp,killzone_utc,in_killzone,sweep,sweep_side,sweep_level,sweep_bar_index,mss,mss_level,mss_bar_index,mss_direction,impulse_origin,fvg_upper,fvg_lower,fvg_ce,fvg_bar_index,fvg_direction,fvg_tf,fvg_case,retrace,ltf,fvg_missed,state
2026-06-12 15:22:00,LINKUSDT,,,,,,,,12,False,False,,,,False,,,,,,,,,,,,False,False,False,IDLE
2026-06-12 15:22:01,BTCUSDT,SHORT,SHORT,,,,62839.2,61633.6,12,False,False,,,,False,62000.0,,SHORT,,62009.4,61874.5,61941.95,,bearish,,,False,False,False,WAIT_RETRACE
2026-06-12 15:22:01,BNBUSDT,,,,,,,,12,False,False,,,,False,,,,,,,,,,,,False,False,False,IDLE
2026-06-12 15:22:01,ARBUSDT,SHORT,SHORT,,,,0.0838,0.0792,12,False,False,,0.0822,,False,0.082,,SHORT,,0.0814,0.0812,0.0813,,bearish,,,False,False,False,INVALIDATED
2026-06-12 15:22:01,NEARUSDT,,,,,,,,12,False,False,,,,False,,,,,,,,,,,,False,False,False,IDLE
2026-06-12 15:22:01,LDOUSDT,SHORT,SHORT,,,,0.2727,0.2627,12,False,False,,0.2665,,False,0.2655,,SHORT,,0.2615,0.2607,0.2611,,bearish,,,False,False,False,WAIT_RETRACE
2026-06-12 15:22:01,SOLUSDT,SHORT,SHORT,,,,65.99,63.63,12,False,False,,65.25,,False,,,SHORT,,64.15,63.97,64.06,,bearish,,,False,False,False,ARMED
2026-06-12 15:22:01,STXUSDT,,,,,,,,12,False,False,,,,False,,,,,,,,,,,,False,False,False,IDLE
2026-06-12 15:22:01,APTUSDT,,,,,,,,12,False,False,,,,False,,,,,,,,,,,,False,False,False,IDLE
2026-06-12 15:22:01,DOTUSDT,,,,,,,,12,False,False,,,,False,,,,,,,,,,,,False,False,False,IDLE
2026-06-12 15:22:01,ETHUSDT,SHORT,SHORT,,,,1642.0,1604.9,12,False,False,,1633.16,,False,,,SHORT,,1629.01,1627.5,1628.255,,bearish,,,False,False,False,ARMED
2026-06-12 15:22:01,SUIUSDT,,,,,,,,12,False,False,,,,False,,,,,,,,,,,,False,False,False,IDLE
2026-06-12 15:22:01,INJUSDT,,,,,,,,12,False,False,,,,False,,,,,,,,,,,,False,False,False,IDLE
2026-06-12 15:22:01,UNIUSDT,,,,,,,,12,False,False,,,,False,,,,,,,,,,,,False,False,False,IDLE
2026-06-12 15:22:01,FETUSDT,SHORT,SHORT,,,,0.2033,0.2027,12,False,False,,0.2101,,False,,,SHORT,,0.2088,0.2062,0.2075,,bearish,,,False,False,False,ARMED
2026-06-12 15:22:01,AVAXUSDT,SHORT,SHORT,,,,6.875,6.51,12,False,False,,6.875,,False,,,SHORT,,,,,,bearish,,,False,False,False,ARMED
2026-06-12 15:22:01,DOGEUSDT,,,,,,,,12,False,False,,,,False,,,,,,,,,,,,False,False,False,IDLE
2026-06-12 15:22:01,OPUSDT,,,,,,,,12,False,False,,,,False,,,,,,,,,,,,False,False,False,IDLE
2026-06-12 15:22:01,XRPUSDT,SHORT,SHORT,,,,1.2054,1.1193,12,False,False,,1.1362,,False,,,SHORT,,1.1298,1.1281,1.12895,,bearish,,,False,False,False,ARMED
2026-06-12 15:22:01,ADAUSDT,,,,,,,,12,False,False,,,,False,,,,,,,,,,,,False,False,False,IDLE
2026-06-12 15:45:00,SOLUSDT,SHORT,SHORT,,,,65.99,63.63,12,False,False,,,,False,,,,,,,,,,,,False,False,False,EXPIRED
2026-06-12 15:45:00,FETUSDT,SHORT,SHORT,,,,0.2033,0.2027,12,False,False,,,,False,,,,,,,,,,,,False,False,False,EXPIRED
2026-06-12 15:45:00,DOGEUSDT,SHORT,SHORT,WEAK,,,0.08724,0.08511,12,False,False,,,,False,,,SHORT,,,,,,bearish,,,False,False,False,IDLE
2026-06-12 15:45:00,XRPUSDT,SHORT,SHORT,,,,1.2054,1.1193,12,False,False,,,,False,,,,,,,,,,,,False,False,False,EXPIRED
2026-06-12 15:45:00,LDOUSDT,SHORT,SHORT,,,,0.2727,0.2627,12,False,False,,,,False,,,,,,,,,,,,False,False,False,EXPIRED
2026-06-12 15:45:00,ARBUSDT,SHORT,SHORT,,,,0.0838,0.0792,12,False,False,,0.0822,,False,0.082,,SHORT,,0.0814,0.0812,0.0813,,bearish,,,False,False,False,EXPIRED
2026-06-12 15:45:00,APTUSDT,SHORT,SHORT,WEAK,,,0.6648,0.6326,12,False,False,,,,False,,,SHORT,,,,,,bearish,,,False,False,False,IDLE
2026-06-12 15:45:00,INJUSDT,,,,,,,,12,False,False,,,,False,,,,,,,,,,,,False,False,False,IDLE
2026-06-12 15:45:00,OPUSDT,LONG,LONG,STRONG,,,0.0911,0.0974,12,False,False,,,,False,,,LONG,,,,,,bullish,,,False,False,False,IDLE
2026-06-12 15:45:01,LINKUSDT,SHORT,SHORT,WEAK,,,7.975,7.753,12,False,False,,,,False,,,SHORT,,,,,,bearish,,,False,False,False,IDLE
2026-06-12 15:45:01,NEARUSDT,SHORT,SHORT,WEAK,,,2.076,2.021,12,False,False,,,,False,,,SHORT,,,,,,bearish,,,False,False,False,IDLE
2026-06-12 15:46:00,BNBUSDT,SHORT,SHORT,WEAK,,,606.67,597.16,12,False,False,,,,False,,,SHORT,,,,,,bearish,,,False,False,False,IDLE
2026-06-12 15:46:00,BTCUSDT,SHORT,SHORT,WEAK,,,63795.5,62831.2,12,False,False,,,,False,,,SHORT,,,,,,bearish,,,False,False,False,IDLE
2026-06-12 15:46:00,DOTUSDT,SHORT,SHORT,WEAK,,,0.974,0.94,12,False,False,,,,False,,,SHORT,,,,,,bearish,,,False,False,False,IDLE
2026-06-12 15:46:00,STXUSDT,SHORT,SHORT,WEAK,,,0.1878,0.1797,12,False,False,,,,False,,,SHORT,,0.1839,0.1812,0.18255,,bearish,,,False,False,False,IDLE
2026-06-12 15:46:00,SUIUSDT,SHORT,SHORT,WEAK,,,0.769,0.7452,12,False,False,,,,False,,,SHORT,,0.7598,0.7533,0.75655,,bearish,,,False,False,False,IDLE
2026-06-12 15:46:00,AVAXUSDT,SHORT,SHORT,,,,6.875,6.51,12,False,False,,,,False,,,,,,,,,,,,False,False,False,EXPIRED
2026-06-12 15:46:00,UNIUSDT,SHORT,SHORT,WEAK,,,2.56,2.477,12,False,False,,,,False,,,SHORT,,,,,,bearish,,,False,False,False,IDLE
2026-06-12 15:46:01,ADAUSDT,SHORT,SHORT,WEAK,,,0.1733,0.1681,12,False,False,,,,False,,,SHORT,,,,,,bearish,,,False,False,False,IDLE
2026-06-12 15:46:01,ETHUSDT,SHORT,SHORT,,,,1642.0,1604.9,12,False,False,,,,False,,,,,,,,,,,,False,False,False,EXPIRED
2026-06-12 16:00:00,LDOUSDT,SHORT,SHORT,,,,0.2727,0.2627,12,False,False,,,,False,,,,,,,,,,,,False,False,False,EXPIRED
2026-06-12 16:00:00,ARBUSDT,SHORT,SHORT,,,,0.0838,0.0792,12,False,False,,0.0822,,False,0.082,,SHORT,,0.0814,0.0812,0.0813,,bearish,,,False,False,False,EXPIRED
2026-06-12 16:00:00,NEARUSDT,SHORT,SHORT,WEAK,,,2.076,2.021,12,False,False,,,,False,,,SHORT,,,,,,bearish,,,False,False,False,IDLE
2026-06-12 16:00:00,SOLUSDT,SHORT,SHORT,,,,65.99,63.63,12,False,False,,,,False,,,,,,,,,,,,False,False,False,EXPIRED
2026-06-12 16:00:00,APTUSDT,SHORT,SHORT,WEAK,,,0.6648,0.6326,12,False,False,,,,False,,,SHORT,,,,,,bearish,,,False,False,False,IDLE
2026-06-12 16:00:00,FETUSDT,SHORT,SHORT,,,,0.2033,0.2027,12,False,False,,,,False,,,,,,,,,,,,False,False,False,EXPIRED
2026-06-12 16:00:00,INJUSDT,,,,,,,,12,False,False,,,,False,,,,,,,,,,,,False,False,False,IDLE
2026-06-12 16:00:00,OPUSDT,LONG,LONG,STRONG,,,0.0911,0.0974,12,False,False,,,,False,,,LONG,,,,,,bullish,,,False,False,False,IDLE
2026-06-12 16:00:00,XRPUSDT,SHORT,SHORT,,,,1.2054,1.1193,12,False,False,,,,False,,,,,,,,,,,,False,False,False,EXPIRED
2026-06-12 16:00:01,LINKUSDT,SHORT,SHORT,WEAK,,,7.975,7.753,12,False,False,,,,False,,,SHORT,,,,,,bearish,,,False,False,False,IDLE
2026-06-12 16:00:03,DOGEUSDT,SHORT,SHORT,WEAK,,,0.08724,0.08511,12,False,False,,,,False,,,SHORT,,,,,,bearish,,,False,False,False,IDLE
2026-06-12 16:01:00,BNBUSDT,SHORT,SHORT,WEAK,,,606.67,597.16,13,False,False,,,,False,,,SHORT,,602.25,602.18,602.215,,bearish,,,False,False,False,IDLE
2026-06-12 16:01:00,ETHUSDT,SHORT,SHORT,,,,1642.0,1604.9,13,False,False,,,,False,,,,,,,,,,,,False,False,False,EXPIRED
2026-06-12 16:01:00,SUIUSDT,SHORT,SHORT,WEAK,,,0.769,0.7452,13,False,False,,,,False,,,SHORT,,0.7598,0.7533,0.75655,,bearish,,,False,False,False,IDLE
2026-06-12 16:01:00,ADAUSDT,SHORT,SHORT,WEAK,,,0.1733,0.1681,13,False,False,,,,False,,,SHORT,,,,,,bearish,,,False,False,False,IDLE
2026-06-12 16:01:00,UNIUSDT,SHORT,SHORT,WEAK,,,2.56,2.477,13,False,False,,,,False,,,SHORT,,2.512,2.502,2.507,,bearish,,,False,False,False,IDLE
2026-06-12 16:01:00,BTCUSDT,SHORT,SHORT,WEAK,,,63795.5,62831.2,13,False,False,,,,False,,,SHORT,,63424.3,63374.9,63399.6,,bearish,,,False,False,False,IDLE
2026-06-12 16:01:00,AVAXUSDT,SHORT,SHORT,,,,6.875,6.51,13,False,False,,,,False,,,,,,,,,,,,False,False,False,EXPIRED
2026-06-12 16:01:00,STXUSDT,SHORT,SHORT,WEAK,,,0.1878,0.1797,13,False,False,,,,False,,,SHORT,,0.1839,0.1812,0.18255,,bearish,,,False,False,False,IDLE
2026-06-12 16:01:00,DOTUSDT,SHORT,SHORT,WEAK,,,0.974,0.94,13,False,False,,,,False,,,SHORT,,0.957,0.955,0.956,,bearish,,,False,False,False,IDLE
2026-06-12 16:15:00,NEARUSDT,SHORT,SHORT,WEAK,,,2.076,2.021,13,False,False,,,,False,,,SHORT,,2.076,2.067,2.0715,,bearish,,,False,False,False,IDLE
2026-06-12 16:15:00,LDOUSDT,SHORT,SHORT,,,,0.2727,0.2627,13,False,False,,,,False,,,,,,,,,,,,False,False,False,EXPIRED
2026-06-12 16:15:00,XRPUSDT,SHORT,SHORT,,,,1.2054,1.1193,13,False,False,,,,False,,,,,,,,,,,,False,False,False,EXPIRED
2026-06-12 16:15:00,SOLUSDT,SHORT,SHORT,,,,65.99,63.63,13,False,False,,,,False,,,,,,,,,,,,False,False,False,EXPIRED
2026-06-12 16:15:00,APTUSDT,SHORT,SHORT,WEAK,,,0.6648,0.6326,13,False,False,,,,False,,,SHORT,,0.6488,0.6381,0.64345,,bearish,,,False,False,False,IDLE
2026-06-12 16:15:00,LINKUSDT,SHORT,SHORT,WEAK,,,7.975,7.753,13,False,False,,,,False,,,SHORT,,7.881,7.841,7.861,,bearish,,,False,False,False,IDLE
2026-06-12 16:15:00,ARBUSDT,SHORT,SHORT,,,,0.0838,0.0792,13,False,False,,0.0822,,False,0.082,,SHORT,,0.0814,0.0812,0.0813,,bearish,,,False,False,False,EXPIRED
2026-06-12 16:15:00,DOGEUSDT,SHORT,SHORT,WEAK,,,0.08724,0.08511,13,False,False,,,,False,,,SHORT,,0.08624,0.08617,0.086205,,bearish,,,False,False,False,IDLE
2026-06-12 16:15:00,OPUSDT,LONG,LONG,STRONG,,,0.0911,0.0974,13,False,False,,,,False,,,LONG,,0.0986,0.0959,0.09725,,bullish,,,False,False,False,IDLE
2026-06-12 16:15:01,FETUSDT,SHORT,SHORT,,,,0.2033,0.2027,13,False,False,,,,False,,,,,,,,,,,,False,False,False,EXPIRED
2026-06-12 16:15:01,INJUSDT,,,,,,,,13,False,False,,,,False,,,,,,,,,,,,False,False,False,IDLE
2026-06-12 16:16:00,UNIUSDT,SHORT,SHORT,WEAK,,,2.56,2.477,13,False,False,,,,False,,,SHORT,,2.512,2.502,2.507,,bearish,,,False,False,False,IDLE
2026-06-12 16:16:00,BNBUSDT,SHORT,SHORT,WEAK,,,606.67,597.16,13,False,False,,,,False,,,SHORT,,602.25,602.18,602.215,,bearish,,,False,False,False,IDLE
2026-06-12 16:16:00,ADAUSDT,SHORT,SHORT,WEAK,,,0.1733,0.1681,13,False,False,,,,False,,,SHORT,,0.171,0.1706,0.1708,,bearish,,,False,False,False,IDLE
2026-06-12 16:16:00,DOTUSDT,SHORT,SHORT,WEAK,,,0.974,0.94,13,False,False,,,,False,,,SHORT,,0.957,0.955,0.956,,bearish,,,False,False,False,IDLE
2026-06-12 16:16:00,STXUSDT,SHORT,SHORT,WEAK,,,0.1878,0.1797,13,False,False,,,,False,,,SHORT,,0.1839,0.1812,0.18255,,bearish,,,False,False,False,IDLE
2026-06-12 16:16:00,ETHUSDT,SHORT,SHORT,,,,1642.0,1604.9,13,False,False,,,,False,,,,,,,,,,,,False,False,False,EXPIRED
2026-06-12 16:16:00,SUIUSDT,SHORT,SHORT,WEAK,,,0.769,0.7452,13,False,False,,,,False,,,SHORT,,0.7598,0.7533,0.75655,,bearish,,,False,False,False,IDLE
2026-06-12 16:16:00,AVAXUSDT,SHORT,SHORT,,,,6.875,6.51,13,False,False,,,,False,,,,,,,,,,,,False,False,False,EXPIRED
2026-06-12 16:16:02,BTCUSDT,SHORT,SHORT,WEAK,,,63795.5,62831.2,13,False,False,,,,False,,,SHORT,,63424.3,63374.9,63399.6,,bearish,,,False,False,False,IDLE
2026-06-12 16:30:00,ARBUSDT,SHORT,SHORT,,,,0.0838,0.0792,13,False,False,,0.0822,,False,0.082,,SHORT,,0.0814,0.0812,0.0813,,bearish,,,False,False,False,EXPIRED
2026-06-12 16:30:00,OPUSDT,LONG,LONG,STRONG,,,0.0911,0.0974,13,False,False,,,,False,,,LONG,,0.0986,0.0959,0.09725,,bullish,,,False,False,False,IDLE
2026-06-12 16:30:00,DOGEUSDT,SHORT,SHORT,WEAK,,,0.08724,0.08511,13,False,False,,,,False,,,SHORT,,0.08624,0.08617,0.086205,,bearish,,,False,False,False,IDLE
2026-06-12 16:30:00,LINKUSDT,SHORT,SHORT,WEAK,,,7.975,7.753,13,False,False,,,,False,,,SHORT,,7.881,7.841,7.861,,bearish,,,False,False,False,IDLE
2026-06-12 16:30:00,NEARUSDT,SHORT,SHORT,WEAK,,,2.076,2.021,13,False,False,,,,False,,,SHORT,,2.076,2.067,2.0715,,bearish,,,False,False,False,IDLE
2026-06-12 16:30:00,LDOUSDT,SHORT,SHORT,,,,0.2727,0.2627,13,False,False,,,,False,,,,,,,,,,,,False,False,False,EXPIRED
2026-06-12 16:30:00,XRPUSDT,SHORT,SHORT,,,,1.2054,1.1193,13,False,False,,,,False,,,,,,,,,,,,False,False,False,EXPIRED
2026-06-12 16:30:00,APTUSDT,SHORT,SHORT,WEAK,,,0.6648,0.6326,13,False,False,,,,False,,,SHORT,,0.6488,0.6381,0.64345,,bearish,,,False,False,False,IDLE
2026-06-12 16:30:00,FETUSDT,SHORT,SHORT,,,,0.2033,0.2027,13,False,False,,,,False,,,,,,,,,,,,False,False,False,EXPIRED
2026-06-12 16:30:00,INJUSDT,,,,,,,,13,False,False,,,,False,,,,,,,,,,,,False,False,False,IDLE
2026-06-12 16:30:01,SOLUSDT,SHORT,SHORT,,,,65.99,63.63,13,False,False,,,,False,,,,,,,,,,,,False,False,False,EXPIRED
2026-06-12 16:31:00,BTCUSDT,SHORT,SHORT,WEAK,,,63795.5,62831.2,13,False,False,,,,False,,,SHORT,,63424.3,63374.9,63399.6,,bearish,,,False,False,False,IDLE
2026-06-12 16:31:00,ADAUSDT,SHORT,SHORT,WEAK,,,0.1733,0.1681,13,False,False,,,,False,,,SHORT,,0.171,0.1706,0.1708,,bearish,,,False,False,False,IDLE
2026-06-12 16:31:00,SUIUSDT,SHORT,SHORT,WEAK,,,0.769,0.7452,13,False,False,,,,False,,,SHORT,,0.7598,0.7533,0.75655,,bearish,,,False,False,False,IDLE
2026-06-12 16:31:00,DOTUSDT,SHORT,SHORT,WEAK,,,0.974,0.94,13,False,False,,,,False,,,SHORT,,0.957,0.955,0.956,,bearish,,,False,False,False,IDLE
2026-06-12 16:31:00,AVAXUSDT,SHORT,SHORT,,,,6.875,6.51,13,False,False,,,,False,,,,,,,,,,,,False,False,False,EXPIRED
2026-06-12 16:31:00,BNBUSDT,SHORT,SHORT,WEAK,,,606.67,597.16,13,False,False,,,,False,,,SHORT,,602.25,602.18,602.215,,bearish,,,False,False,False,IDLE
2026-06-12 16:31:00,STXUSDT,SHORT,SHORT,WEAK,,,0.1878,0.1797,13,False,False,,,,False,,,SHORT,,0.1839,0.1812,0.18255,,bearish,,,False,False,False,IDLE
2026-06-12 16:31:00,UNIUSDT,SHORT,SHORT,WEAK,,,2.56,2.477,13,False,False,,,,False,,,SHORT,,2.512,2.502,2.507,,bearish,,,False,False,False,IDLE
2026-06-12 16:31:00,ETHUSDT,SHORT,SHORT,,,,1642.0,1604.9,13,False,False,,,,False,,,,,,,,,,,,False,False,False,EXPIRED
2026-06-12 16:45:00,ARBUSDT,SHORT,SHORT,,,,0.0838,0.0792,13,False,False,,0.0822,,False,0.082,,SHORT,,0.0814,0.0812,0.0813,,bearish,,,False,False,False,EXPIRED
2026-06-12 16:45:00,APTUSDT,SHORT,SHORT,WEAK,,,0.6648,0.6326,13,False,False,,,,False,,,SHORT,,0.6488,0.6381,0.64345,,bearish,,,False,False,False,IDLE
2026-06-12 16:45:00,SOLUSDT,SHORT,SHORT,,,,65.99,63.63,13,False,False,,,,False,,,,,,,,,,,,False,False,False,EXPIRED
2026-06-12 16:45:00,LINKUSDT,SHORT,SHORT,WEAK,,,7.975,7.753,13,False,False,,,,False,,,SHORT,,7.881,7.841,7.861,,bearish,,,False,False,False,IDLE
2026-06-12 16:45:00,OPUSDT,LONG,LONG,STRONG,,,0.0911,0.0974,13,False,False,,,,False,,,LONG,,0.0986,0.0959,0.09725,,bullish,,,False,False,False,IDLE
2026-06-12 16:45:00,INJUSDT,,,,,,,,13,False,False,,,,False,,,,,,,,,,,,False,False,False,IDLE
2026-06-12 16:45:00,LDOUSDT,SHORT,SHORT,,,,0.2727,0.2627,13,False,False,,,,False,,,,,,,,,,,,False,False,False,EXPIRED
2026-06-12 16:45:00,NEARUSDT,SHORT,SHORT,WEAK,,,2.076,2.021,13,False,False,,,,False,,,SHORT,,2.076,2.067,2.0715,,bearish,,,False,False,False,IDLE
2026-06-12 16:45:01,FETUSDT,SHORT,SHORT,,,,0.2033,0.2027,13,False,False,,,,False,,,,,,,,,,,,False,False,False,EXPIRED
2026-06-12 16:45:01,XRPUSDT,SHORT,SHORT,,,,1.2054,1.1193,13,False,False,,,,False,,,,,,,,,,,,False,False,False,EXPIRED
2026-06-12 16:45:03,DOGEUSDT,SHORT,SHORT,WEAK,,,0.08724,0.08511,13,False,False,,,,False,,,SHORT,,0.08624,0.08617,0.086205,,bearish,,,False,False,False,IDLE
2026-06-12 16:46:00,DOTUSDT,SHORT,SHORT,WEAK,,,0.974,0.94,13,False,False,,,,False,,,SHORT,,0.957,0.955,0.956,,bearish,,,False,False,False,IDLE
2026-06-12 16:46:00,ETHUSDT,SHORT,SHORT,,,,1642.0,1604.9,13,False,False,,,,False,,,,,,,,,,,,False,False,False,EXPIRED
2026-06-12 16:46:00,BTCUSDT,SHORT,SHORT,WEAK,,,63795.5,62831.2,13,False,False,,,,False,,,SHORT,,63424.3,63374.9,63399.6,,bearish,,,False,False,False,IDLE
2026-06-12 16:46:00,SUIUSDT,SHORT,SHORT,WEAK,,,0.769,0.7452,13,False,False,,,,False,,,SHORT,,0.7598,0.7533,0.75655,,bearish,,,False,False,False,IDLE
2026-06-12 16:46:00,STXUSDT,SHORT,SHORT,WEAK,,,0.1878,0.1797,13,False,False,,,,False,,,SHORT,,0.1839,0.1812,0.18255,,bearish,,,False,False,False,IDLE
2026-06-12 16:46:00,AVAXUSDT,SHORT,SHORT,,,,6.875,6.51,13,False,False,,,,False,,,,,,,,,,,,False,False,False,EXPIRED
2026-06-12 16:46:01,UNIUSDT,SHORT,SHORT,WEAK,,,2.56,2.477,13,False,False,,,,False,,,SHORT,,2.512,2.502,2.507,,bearish,,,False,False,False,IDLE
2026-06-12 16:46:01,BNBUSDT,SHORT,SHORT,WEAK,,,606.67,597.16,13,False,False,,,,False,,,SHORT,,602.25,602.18,602.215,,bearish,,,False,False,False,IDLE
2026-06-12 16:46:01,ADAUSDT,SHORT,SHORT,WEAK,,,0.1733,0.1681,13,False,False,,,,False,,,SHORT,,0.171,0.1706,0.1708,,bearish,,,False,False,False,IDLE
2026-06-12 17:00:00,APTUSDT,SHORT,SHORT,WEAK,,,0.6648,0.6326,13,False,False,,,,False,,,SHORT,,0.6488,0.6381,0.64345,,bearish,,,False,False,False,IDLE
2026-06-12 17:00:00,FETUSDT,SHORT,SHORT,,,,0.2033,0.2027,13,False,False,,,,False,,,,,,,,,,,,False,False,False,EXPIRED
2026-06-12 17:00:00,INJUSDT,,,,,,,,13,False,False,,,,False,,,,,,,,,,,,False,False,False,IDLE
2026-06-12 17:00:00,SOLUSDT,SHORT,SHORT,,,,65.99,63.63,13,False,False,,,,False,,,,,,,,,,,,False,False,False,EXPIRED
2026-06-12 17:00:00,LDOUSDT,SHORT,SHORT,,,,0.2727,0.2627,13,False,False,,,,False,,,,,,,,,,,,False,False,False,EXPIRED
2026-06-12 17:00:00,LINKUSDT,SHORT,SHORT,WEAK,,,7.975,7.753,13,False,False,,,,False,,,SHORT,,7.881,7.841,7.861,,bearish,,,False,False,False,IDLE
2026-06-12 17:00:00,ARBUSDT,SHORT,SHORT,,,,0.0838,0.0792,13,False,False,,0.0822,,False,0.082,,SHORT,,0.0814,0.0812,0.0813,,bearish,,,False,False,False,EXPIRED
2026-06-12 17:00:00,NEARUSDT,SHORT,SHORT,WEAK,,,2.076,2.021,13,False,False,,,,False,,,SHORT,,2.076,2.067,2.0715,,bearish,,,False,False,False,IDLE
2026-06-12 17:00:01,OPUSDT,LONG,LONG,STRONG,,,0.0911,0.0974,13,False,False,,,,False,,,LONG,,0.0986,0.0959,0.09725,,bullish,,,False,False,False,IDLE
2026-06-12 17:00:01,XRPUSDT,SHORT,SHORT,,,,1.2054,1.1193,13,False,False,,,,False,,,,,,,,,,,,False,False,False,EXPIRED
2026-06-12 17:00:03,DOGEUSDT,SHORT,SHORT,WEAK,,,0.08724,0.08511,13,False,False,,,,False,,,SHORT,,0.08624,0.08617,0.086205,,bearish,,,False,False,False,IDLE
2026-06-12 17:01:00,ADAUSDT,SHORT,SHORT,WEAK,,,0.1733,0.1681,14,False,False,,,,False,,,SHORT,,0.171,0.1706,0.1708,,bearish,,,False,False,False,IDLE
2026-06-12 17:01:00,BTCUSDT,SHORT,SHORT,WEAK,,,63795.5,62831.2,14,False,False,,,,False,,,SHORT,,63588.6,63374.9,63481.75,,bearish,,,False,False,False,IDLE
2026-06-12 17:01:00,STXUSDT,SHORT,SHORT,WEAK,,,0.1878,0.1797,14,False,False,,,,False,,,SHORT,,0.1839,0.1812,0.18255,,bearish,,,False,False,False,IDLE
2026-06-12 17:01:00,DOTUSDT,SHORT,SHORT,WEAK,,,0.974,0.94,14,False,True,BSL,0.958,100,True,0.943,476,SHORT,0.97,0.965,0.962,0.9635,,bearish,,,False,True,False,WAIT_RETRACE
2026-06-12 17:01:00,ETHUSDT,SHORT,SHORT,,,,1642.0,1604.9,14,False,False,,,,False,,,,,,,,,,,,False,False,False,EXPIRED
2026-06-12 17:01:00,SUIUSDT,SHORT,SHORT,WEAK,,,0.769,0.7452,14,False,False,,,,False,,,SHORT,,0.7598,0.7533,0.75655,,bearish,,,False,False,False,IDLE
2026-06-12 17:01:00,UNIUSDT,SHORT,SHORT,WEAK,,,2.56,2.477,14,False,True,BSL,2.514,100,True,2.49,477,SHORT,2.535,2.512,2.502,2.507,,bearish,,,False,False,False,WAIT_RETRACE
2026-06-12 17:01:01,AVAXUSDT,SHORT,SHORT,,,,6.875,6.51,14,False,False,,,,False,,,,,,,,,,,,False,False,False,EXPIRED
2026-06-12 17:01:01,BNBUSDT,SHORT,SHORT,WEAK,,,606.67,597.16,14,False,False,,,,False,,,SHORT,,602.25,602.18,602.215,,bearish,,,False,False,False,IDLE
2026-06-12 17:15:00,FETUSDT,SHORT,SHORT,,,,0.2033,0.2027,14,False,False,,,,False,,,,,,,,,,,,False,False,False,EXPIRED
2026-06-12 17:15:00,LDOUSDT,SHORT,SHORT,,,,0.2727,0.2627,14,False,False,,,,False,,,,,,,,,,,,False,False,False,EXPIRED
2026-06-12 17:15:00,XRPUSDT,SHORT,SHORT,,,,1.2054,1.1193,14,False,False,,,,False,,,,,,,,,,,,False,False,False,EXPIRED
2026-06-12 17:15:00,INJUSDT,,,,,,,,14,False,False,,,,False,,,,,,,,,,,,False,False,False,IDLE
2026-06-12 17:15:00,ARBUSDT,SHORT,SHORT,,,,0.0838,0.0792,14,False,False,,0.0822,,False,0.082,,SHORT,,0.0814,0.0812,0.0813,,bearish,,,False,False,False,EXPIRED
2026-06-12 17:15:00,NEARUSDT,SHORT,SHORT,WEAK,,,2.076,2.021,14,False,False,,,,False,,,SHORT,,2.076,2.067,2.0715,,bearish,,,False,False,False,IDLE
2026-06-12 17:15:00,SOLUSDT,SHORT,SHORT,,,,65.99,63.63,14,False,False,,,,False,,,,,,,,,,,,False,False,False,EXPIRED
2026-06-12 17:15:00,APTUSDT,SHORT,SHORT,WEAK,,,0.6648,0.6326,14,False,False,,,,False,,,SHORT,,0.657,0.6567,0.65685,,bearish,,,False,False,False,IDLE
2026-06-12 17:15:00,OPUSDT,LONG,LONG,STRONG,,,0.0911,0.0974,14,False,False,,,,False,,,LONG,,0.0986,0.0959,0.09725,,bullish,,,False,False,False,IDLE
2026-06-12 17:15:00,LINKUSDT,SHORT,SHORT,WEAK,,,7.975,7.753,14,False,False,,,,False,,,SHORT,,7.881,7.841,7.861,,bearish,,,False,False,False,IDLE
2026-06-12 17:15:03,DOGEUSDT,SHORT,SHORT,WEAK,,,0.08724,0.08511,14,False,False,,,,False,,,SHORT,,0.08624,0.08617,0.086205,,bearish,,,False,False,False,IDLE
2026-06-12 17:16:00,SUIUSDT,SHORT,SHORT,WEAK,,,0.769,0.7452,14,False,False,,,,False,,,SHORT,,0.7598,0.7533,0.75655,,bearish,,,False,False,False,IDLE
2026-06-12 17:16:00,STXUSDT,SHORT,SHORT,WEAK,,,0.1878,0.1797,14,False,False,,,,False,,,SHORT,,0.1839,0.1812,0.18255,,bearish,,,False,False,False,IDLE
2026-06-12 17:16:00,UNIUSDT,SHORT,SHORT,WEAK,,,2.56,2.477,14,False,True,BSL,2.514,100,True,2.49,477,SHORT,2.535,2.512,2.502,2.507,,bearish,,C,False,False,True,MISSED_FVG
2026-06-12 17:16:00,ETHUSDT,SHORT,SHORT,,,,1642.0,1604.9,14,False,False,,,,False,,,,,,,,,,,,False,False,False,EXPIRED
2026-06-12 17:16:00,ADAUSDT,SHORT,SHORT,WEAK,,,0.1733,0.1681,14,False,False,,,,False,,,SHORT,,0.171,0.1706,0.1708,,bearish,,,False,False,False,IDLE
2026-06-12 17:16:00,BTCUSDT,SHORT,SHORT,WEAK,,,63795.5,62831.2,14,False,False,,,,False,,,SHORT,,63588.6,63374.9,63481.75,,bearish,,,False,False,False,IDLE
2026-06-12 17:16:00,BNBUSDT,SHORT,SHORT,WEAK,,,606.67,597.16,14,False,False,,,,False,,,SHORT,,602.25,602.18,602.215,,bearish,,,False,False,False,IDLE
2026-06-12 17:16:00,DOTUSDT,SHORT,SHORT,WEAK,,,0.974,0.94,14,False,False,,,,False,,,SHORT,,0.957,0.955,0.956,,bearish,,,False,False,False,IDLE
2026-06-12 17:16:01,AVAXUSDT,SHORT,SHORT,,,,6.875,6.51,14,False,False,,,,False,,,,,,,,,,,,False,False,False,EXPIRED
2026-06-12 17:30:00,OPUSDT,LONG,LONG,STRONG,,,0.0911,0.0974,14,False,False,,,,False,,,LONG,,0.0986,0.0959,0.09725,,bullish,,,False,False,False,IDLE
2026-06-12 17:30:00,LDOUSDT,SHORT,SHORT,,,,0.2727,0.2627,14,False,False,,,,False,,,,,,,,,,,,False,False,False,EXPIRED
2026-06-12 17:30:00,XRPUSDT,SHORT,SHORT,,,,1.2054,1.1193,14,False,False,,,,False,,,,,,,,,,,,False,False,False,EXPIRED
2026-06-12 17:30:00,LINKUSDT,SHORT,SHORT,WEAK,,,7.975,7.753,14,False,False,,,,False,,,SHORT,,7.881,7.841,7.861,,bearish,,,False,False,False,IDLE
2026-06-12 17:30:00,ARBUSDT,SHORT,SHORT,,,,0.0838,0.0792,14,False,False,,0.0822,,False,0.082,,SHORT,,0.0814,0.0812,0.0813,,bearish,,,False,False,False,EXPIRED
2026-06-12 17:30:00,NEARUSDT,SHORT,SHORT,WEAK,,,2.076,2.021,14,False,False,,,,False,,,SHORT,,2.076,2.067,2.0715,,bearish,,,False,False,False,IDLE
2026-06-12 17:30:00,APTUSDT,SHORT,SHORT,WEAK,,,0.6648,0.6326,14,False,False,,,,False,,,SHORT,,0.657,0.6567,0.65685,,bearish,,,False,False,False,IDLE
2026-06-12 17:30:01,INJUSDT,,,,,,,,14,False,False,,,,False,,,,,,,,,,,,False,False,False,IDLE
2026-06-12 17:30:01,FETUSDT,SHORT,SHORT,,,,0.2033,0.2027,14,False,False,,,,False,,,,,,,,,,,,False,False,False,EXPIRED
2026-06-12 17:30:01,DOGEUSDT,SHORT,SHORT,WEAK,,,0.08724,0.08511,14,False,False,,,,False,,,SHORT,,0.08624,0.08617,0.086205,,bearish,,,False,False,False,IDLE
2026-06-12 17:30:01,SOLUSDT,SHORT,SHORT,,,,65.99,63.63,14,False,False,,,,False,,,,,,,,,,,,False,False,False,EXPIRED
2026-06-12 17:31:00,BTCUSDT,SHORT,SHORT,WEAK,,,63795.5,62831.2,14,False,False,,,,False,,,SHORT,,63588.6,63374.9,63481.75,,bearish,,,False,False,False,IDLE
2026-06-12 17:31:00,STXUSDT,SHORT,SHORT,WEAK,,,0.1878,0.1797,14,False,False,,,,False,,,SHORT,,0.1839,0.1812,0.18255,,bearish,,,False,False,False,IDLE
2026-06-12 17:31:00,DOTUSDT,SHORT,SHORT,WEAK,,,0.974,0.94,14,False,False,,,,False,,,SHORT,,0.957,0.955,0.956,,bearish,,,False,False,False,IDLE
2026-06-12 17:31:00,SUIUSDT,SHORT,SHORT,WEAK,,,0.769,0.7452,14,False,False,,,,False,,,SHORT,,0.7598,0.7533,0.75655,,bearish,,,False,False,False,IDLE
2026-06-12 17:31:00,AVAXUSDT,SHORT,SHORT,,,,6.875,6.51,14,False,False,,,,False,,,,,,,,,,,,False,False,False,EXPIRED
2026-06-12 17:31:00,UNIUSDT,SHORT,SHORT,WEAK,,,2.56,2.477,14,False,True,BSL,2.514,100,True,2.49,477,SHORT,2.535,2.512,2.502,2.507,,bearish,,C,False,False,True,MISSED_FVG
2026-06-12 17:31:00,BNBUSDT,SHORT,SHORT,WEAK,,,606.67,597.16,14,False,False,,,,False,,,SHORT,,602.25,602.18,602.215,,bearish,,,False,False,False,IDLE
2026-06-12 17:31:01,ADAUSDT,SHORT,SHORT,WEAK,,,0.1733,0.1681,14,False,False,,,,False,,,SHORT,,0.171,0.1706,0.1708,,bearish,,,False,False,False,IDLE
2026-06-12 17:31:01,ETHUSDT,SHORT,SHORT,,,,1642.0,1604.9,14,False,False,,,,False,,,,,,,,,,,,False,False,False,EXPIRED
2026-06-12 17:45:00,ARBUSDT,SHORT,SHORT,,,,0.0838,0.0792,14,False,False,,0.0822,,False,0.082,,SHORT,,0.0814,0.0812,0.0813,,bearish,,,False,False,False,EXPIRED
2026-06-12 17:45:00,LINKUSDT,SHORT,SHORT,WEAK,,,7.975,7.753,14,False,False,,,,False,,,SHORT,,7.881,7.841,7.861,,bearish,,,False,False,False,IDLE
2026-06-12 17:45:00,NEARUSDT,SHORT,SHORT,WEAK,,,2.076,2.021,14,False,False,,,,False,,,SHORT,,2.076,2.067,2.0715,,bearish,,,False,False,False,IDLE
2026-06-12 17:45:00,INJUSDT,,,,,,,,14,False,False,,,,False,,,,,,,,,,,,False,False,False,IDLE
2026-06-12 17:45:00,OPUSDT,LONG,LONG,STRONG,,,0.0911,0.0974,14,False,False,,,,False,,,LONG,,0.0986,0.0959,0.09725,,bullish,,,False,False,False,IDLE
2026-06-12 17:45:00,SOLUSDT,SHORT,SHORT,,,,65.99,63.63,14,False,False,,,,False,,,,,,,,,,,,False,False,False,EXPIRED
2026-06-12 17:45:00,APTUSDT,SHORT,SHORT,WEAK,,,0.6648,0.6326,14,False,False,,,,False,,,SHORT,,0.657,0.6567,0.65685,,bearish,,,False,False,False,IDLE
2026-06-12 17:45:00,XRPUSDT,SHORT,SHORT,,,,1.2054,1.1193,14,False,False,,,,False,,,,,,,,,,,,False,False,False,EXPIRED
2026-06-12 17:45:00,LDOUSDT,SHORT,SHORT,,,,0.2727,0.2627,14,False,False,,,,False,,,,,,,,,,,,False,False,False,EXPIRED
2026-06-12 17:45:00,DOGEUSDT,SHORT,SHORT,WEAK,,,0.08724,0.08511,14,False,False,,,,False,,,SHORT,,0.08624,0.08617,0.086205,,bearish,,,False,False,False,IDLE
2026-06-12 17:45:00,FETUSDT,SHORT,SHORT,,,,0.2033,0.2027,14,False,False,,,,False,,,,,,,,,,,,False,False,False,EXPIRED
2026-06-12 17:46:00,ETHUSDT,SHORT,SHORT,,,,1642.0,1604.9,14,False,False,,,,False,,,,,,,,,,,,False,False,False,EXPIRED
2026-06-12 17:46:00,SUIUSDT,SHORT,SHORT,WEAK,,,0.769,0.7452,14,False,False,,,,False,,,SHORT,,0.7598,0.7533,0.75655,,bearish,,,False,False,False,IDLE
2026-06-12 17:46:00,UNIUSDT,SHORT,SHORT,WEAK,,,2.56,2.477,14,False,True,BSL,2.514,100,True,2.49,477,SHORT,2.535,2.512,2.502,2.507,,bearish,,C,False,False,True,WAIT_POI_CONFIRM
2026-06-12 17:46:00,DOTUSDT,SHORT,SHORT,WEAK,,,0.974,0.94,14,False,False,,,,False,,,SHORT,,0.957,0.955,0.956,,bearish,,,False,False,False,IDLE
2026-06-12 17:46:00,BTCUSDT,SHORT,SHORT,WEAK,,,63795.5,62831.2,14,False,False,,,,False,,,SHORT,,63588.6,63374.9,63481.75,,bearish,,,False,False,False,IDLE
2026-06-12 17:46:00,AVAXUSDT,SHORT,SHORT,,,,6.875,6.51,14,False,False,,,,False,,,,,,,,,,,,False,False,False,EXPIRED
2026-06-12 17:46:01,ADAUSDT,SHORT,SHORT,WEAK,,,0.1733,0.1681,14,False,False,,,,False,,,SHORT,,0.171,0.1706,0.1708,,bearish,,,False,False,False,IDLE
2026-06-12 17:46:01,BNBUSDT,SHORT,SHORT,WEAK,,,606.67,597.16,14,False,False,,,,False,,,SHORT,,602.25,602.18,602.215,,bearish,,,False,False,False,IDLE
2026-06-12 17:46:01,STXUSDT,SHORT,SHORT,WEAK,,,0.1878,0.1797,14,False,False,,,,False,,,SHORT,,0.1839,0.1812,0.18255,,bearish,,,False,False,False,IDLE
2026-06-12 18:00:00,ARBUSDT,SHORT,SHORT,,,,0.0838,0.0792,14,False,False,,0.0822,,False,0.082,,SHORT,,0.0814,0.0812,0.0813,,bearish,,,False,False,False,EXPIRED
2026-06-12 18:00:00,XRPUSDT,SHORT,SHORT,,,,1.2054,1.1193,14,False,False,,,,False,,,,,,,,,,,,False,False,False,EXPIRED
2026-06-12 18:00:00,LINKUSDT,SHORT,SHORT,WEAK,,,7.975,7.753,14,False,False,,,,False,,,SHORT,,7.881,7.841,7.861,,bearish,,,False,False,False,IDLE
2026-06-12 18:00:00,NEARUSDT,SHORT,SHORT,WEAK,,,2.076,2.021,14,False,False,,,,False,,,SHORT,,2.076,2.067,2.0715,,bearish,,,False,False,False,IDLE
2026-06-12 18:00:00,FETUSDT,SHORT,SHORT,,,,0.2033,0.2027,14,False,False,,,,False,,,,,,,,,,,,False,False,False,EXPIRED
2026-06-12 18:00:00,SOLUSDT,SHORT,SHORT,,,,65.99,63.63,14,False,False,,,,False,,,,,,,,,,,,False,False,False,EXPIRED
2026-06-12 18:00:00,APTUSDT,SHORT,SHORT,WEAK,,,0.6648,0.6326,14,False,False,,,,False,,,SHORT,,0.657,0.6567,0.65685,,bearish,,,False,False,False,IDLE
2026-06-12 18:00:00,LDOUSDT,SHORT,SHORT,,,,0.2727,0.2627,14,False,False,,,,False,,,,,,,,,,,,False,False,False,EXPIRED
2026-06-12 18:00:01,INJUSDT,,,,,,,,14,False,False,,,,False,,,,,,,,,,,,False,False,False,IDLE
2026-06-12 18:00:01,OPUSDT,LONG,LONG,STRONG,,,0.0911,0.0974,14,False,False,,,,False,,,LONG,,0.0986,0.0959,0.09725,,bullish,,,False,False,False,IDLE
2026-06-12 18:00:03,DOGEUSDT,SHORT,SHORT,WEAK,,,0.08724,0.08511,14,False,False,,,,False,,,SHORT,,0.08624,0.08617,0.086205,,bearish,,,False,False,False,IDLE
2026-06-12 18:01:00,BTCUSDT,SHORT,SHORT,WEAK,,,63795.5,62831.2,15,False,False,,,,False,,,SHORT,,63588.6,63374.9,63481.75,,bearish,,,False,False,False,IDLE
2026-06-12 18:01:00,ETHUSDT,SHORT,SHORT,,,,1642.0,1604.9,15,False,False,,,,False,,,,,,,,,,,,False,False,False,EXPIRED
2026-06-12 18:01:00,ADAUSDT,SHORT,SHORT,WEAK,,,0.1733,0.1681,15,False,False,,,,False,,,SHORT,,0.171,0.1706,0.1708,,bearish,,,False,False,False,IDLE
2026-06-12 18:01:00,AVAXUSDT,SHORT,SHORT,,,,6.875,6.51,15,False,False,,,,False,,,,,,,,,,,,False,False,False,EXPIRED
2026-06-12 18:01:00,STXUSDT,SHORT,SHORT,WEAK,,,0.1878,0.1797,15,False,False,,,,False,,,SHORT,,0.1839,0.1812,0.18255,,bearish,,,False,False,False,IDLE
2026-06-12 18:01:00,DOTUSDT,SHORT,SHORT,WEAK,,,0.974,0.94,15,False,False,,,,False,,,SHORT,,0.957,0.955,0.956,,bearish,,,False,False,False,IDLE
2026-06-12 18:01:00,BNBUSDT,SHORT,SHORT,WEAK,,,606.67,597.16,15,False,False,,,,False,,,SHORT,,602.25,602.18,602.215,,bearish,,,False,False,False,IDLE
2026-06-12 18:01:01,UNIUSDT,SHORT,SHORT,WEAK,,,2.56,2.477,15,False,True,BSL,2.514,100,True,2.49,477,SHORT,2.535,2.512,2.502,2.507,,bearish,,C,False,False,True,WAIT_POI_CONFIRM
2026-06-12 18:01:01,SUIUSDT,SHORT,SHORT,WEAK,,,0.769,0.7452,15,False,False,,,,False,,,SHORT,,0.7598,0.7533,0.75655,,bearish,,,False,False,False,IDLE
2026-06-12 18:15:00,LINKUSDT,SHORT,SHORT,WEAK,,,7.975,7.753,15,False,False,,,,False,,,SHORT,,7.881,7.841,7.861,,bearish,,,False,False,False,IDLE
2026-06-12 18:15:00,APTUSDT,SHORT,SHORT,WEAK,,,0.6648,0.6326,15,False,False,,,,False,,,SHORT,,0.657,0.6567,0.65685,,bearish,,,False,False,False,IDLE
2026-06-12 18:15:00,INJUSDT,,,,,,,,15,False,False,,,,False,,,,,,,,,,,,False,False,False,IDLE
2026-06-12 18:15:00,SOLUSDT,SHORT,SHORT,,,,65.99,63.63,15,False,False,,,,False,,,,,,,,,,,,False,False,False,EXPIRED
2026-06-12 18:15:00,FETUSDT,SHORT,SHORT,,,,0.2033,0.2027,15,False,False,,,,False,,,,,,,,,,,,False,False,False,EXPIRED
2026-06-12 18:15:00,NEARUSDT,SHORT,SHORT,WEAK,,,2.076,2.021,15,False,False,,,,False,,,SHORT,,2.076,2.067,2.0715,,bearish,,,False,False,False,IDLE
2026-06-12 18:15:00,ARBUSDT,SHORT,SHORT,,,,0.0838,0.0792,15,False,False,,0.0822,,False,0.082,,SHORT,,0.0814,0.0812,0.0813,,bearish,,,False,False,False,EXPIRED
2026-06-12 18:15:00,XRPUSDT,SHORT,SHORT,,,,1.2054,1.1193,15,False,False,,,,False,,,,,,,,,,,,False,False,False,EXPIRED
2026-06-12 18:15:01,LDOUSDT,SHORT,SHORT,,,,0.2727,0.2627,15,False,False,,,,False,,,,,,,,,,,,False,False,False,EXPIRED
2026-06-12 18:15:01,OPUSDT,LONG,LONG,STRONG,,,0.0911,0.1009,15,False,False,,,,False,,,LONG,,0.0986,0.0959,0.09725,,bullish,,,False,False,False,IDLE
2026-06-12 18:15:02,DOGEUSDT,SHORT,SHORT,WEAK,,,0.08724,0.08511,15,False,False,,,,False,,,SHORT,,0.08624,0.08617,0.086205,,bearish,,,False,False,False,IDLE
2026-06-12 18:16:00,UNIUSDT,SHORT,SHORT,WEAK,,,2.56,2.477,15,False,True,BSL,2.514,100,True,2.49,477,SHORT,2.535,2.512,2.502,2.507,,bearish,,C,False,False,True,WAIT_POI_CONFIRM
2026-06-12 18:16:00,BNBUSDT,SHORT,SHORT,WEAK,,,606.67,597.16,15,False,False,,,,False,,,SHORT,,602.25,602.18,602.215,,bearish,,,False,False,False,IDLE
2026-06-12 18:16:00,BTCUSDT,SHORT,SHORT,WEAK,,,63795.5,62831.2,15,False,False,,,,False,,,SHORT,,63588.6,63374.9,63481.75,,bearish,,,False,False,False,IDLE
2026-06-12 18:16:00,STXUSDT,SHORT,SHORT,WEAK,,,0.1878,0.1797,15,False,False,,,,False,,,SHORT,,0.1839,0.1812,0.18255,,bearish,,,False,False,False,IDLE
2026-06-12 18:16:00,ETHUSDT,SHORT,SHORT,,,,1642.0,1604.9,15,False,False,,,,False,,,,,,,,,,,,False,False,False,EXPIRED
2026-06-12 18:16:00,SUIUSDT,SHORT,SHORT,WEAK,,,0.769,0.7452,15,False,False,,,,False,,,SHORT,,0.7598,0.7533,0.75655,,bearish,,,False,False,False,IDLE
2026-06-12 18:16:00,AVAXUSDT,SHORT,SHORT,,,,6.875,6.51,15,False,False,,,,False,,,,,,,,,,,,False,False,False,EXPIRED
2026-06-12 18:16:00,ADAUSDT,SHORT,SHORT,WEAK,,,0.1733,0.1681,15,False,False,,,,False,,,SHORT,,0.171,0.1706,0.1708,,bearish,,,False,False,False,IDLE
2026-06-12 18:16:01,DOTUSDT,SHORT,SHORT,WEAK,,,0.974,0.94,15,False,False,,,,False,,,SHORT,,0.957,0.955,0.956,,bearish,,,False,False,False,IDLE
2026-06-12 18:30:00,SOLUSDT,SHORT,SHORT,,,,65.99,63.63,15,False,False,,,,False,,,,,,,,,,,,False,False,False,EXPIRED
2026-06-12 18:30:00,LINKUSDT,SHORT,SHORT,WEAK,,,7.975,7.753,15,False,False,,,,False,,,SHORT,,7.881,7.841,7.861,,bearish,,,False,False,False,IDLE
2026-06-12 18:30:00,APTUSDT,SHORT,SHORT,WEAK,,,0.6648,0.6326,15,False,False,,,,False,,,SHORT,,0.657,0.6567,0.65685,,bearish,,,False,False,False,IDLE
2026-06-12 18:30:00,ARBUSDT,SHORT,SHORT,,,,0.0838,0.0792,15,False,False,,0.0822,,False,0.082,,SHORT,,0.0814,0.0812,0.0813,,bearish,,,False,False,False,EXPIRED
2026-06-12 18:30:00,FETUSDT,SHORT,SHORT,,,,0.2033,0.2027,15,False,False,,,,False,,,,,,,,,,,,False,False,False,EXPIRED
2026-06-12 18:30:00,INJUSDT,,,,,,,,15,False,False,,,,False,,,,,,,,,,,,False,False,False,IDLE
2026-06-12 18:30:00,DOGEUSDT,SHORT,SHORT,WEAK,,,0.08724,0.08511,15,False,False,,,,False,,,SHORT,,0.08624,0.08617,0.086205,,bearish,,,False,False,False,IDLE
2026-06-12 18:30:00,OPUSDT,LONG,LONG,STRONG,,,0.0911,0.1009,15,False,False,,,,False,,,LONG,,0.0986,0.0959,0.09725,,bullish,,,False,False,False,IDLE
2026-06-12 18:30:00,XRPUSDT,SHORT,SHORT,,,,1.2054,1.1193,15,False,False,,,,False,,,,,,,,,,,,False,False,False,EXPIRED
2026-06-12 18:30:00,LDOUSDT,SHORT,SHORT,,,,0.2727,0.2627,15,False,False,,,,False,,,,,,,,,,,,False,False,False,EXPIRED
2026-06-12 18:30:00,NEARUSDT,SHORT,SHORT,WEAK,,,2.076,2.021,15,False,False,,,,False,,,SHORT,,2.076,2.067,2.0715,,bearish,,,False,False,False,IDLE
2026-06-12 18:31:00,BTCUSDT,SHORT,SHORT,WEAK,,,63795.5,62831.2,15,False,False,,,,False,,,SHORT,,63588.6,63374.9,63481.75,,bearish,,,False,False,False,IDLE
2026-06-12 18:31:00,ETHUSDT,SHORT,SHORT,,,,1642.0,1604.9,15,False,False,,,,False,,,,,,,,,,,,False,False,False,EXPIRED
2026-06-12 18:31:00,BNBUSDT,SHORT,SHORT,WEAK,,,606.67,597.16,15,False,False,,,,False,,,SHORT,,602.25,602.18,602.215,,bearish,,,False,False,False,IDLE
2026-06-12 18:31:00,ADAUSDT,SHORT,SHORT,WEAK,,,0.1733,0.1681,15,False,False,,,,False,,,SHORT,,0.171,0.1706,0.1708,,bearish,,,False,False,False,IDLE
2026-06-12 18:31:00,SUIUSDT,SHORT,SHORT,WEAK,,,0.769,0.7452,15,False,False,,,,False,,,SHORT,,0.7598,0.7533,0.75655,,bearish,,,False,False,False,IDLE
2026-06-12 18:31:00,STXUSDT,SHORT,SHORT,WEAK,,,0.1878,0.1797,15,False,False,,,,False,,,SHORT,,0.1839,0.1812,0.18255,,bearish,,,False,False,False,IDLE
2026-06-12 18:31:00,AVAXUSDT,SHORT,SHORT,,,,6.875,6.51,15,False,False,,,,False,,,,,,,,,,,,False,False,False,EXPIRED
2026-06-12 18:31:00,UNIUSDT,SHORT,SHORT,WEAK,,,2.56,2.477,15,False,True,BSL,2.514,100,True,2.49,477,SHORT,2.535,2.512,2.502,2.507,,bearish,,C,False,False,True,WAIT_POI_CONFIRM
2026-06-12 18:31:00,DOTUSDT,SHORT,SHORT,WEAK,,,0.974,0.94,15,False,False,,,,False,,,SHORT,,0.957,0.955,0.956,,bearish,,,False,False,False,IDLE
2026-06-12 18:45:00,NEARUSDT,SHORT,SHORT,WEAK,,,2.076,2.021,15,False,False,,,,False,,,SHORT,,2.076,2.067,2.0715,,bearish,,,False,False,False,IDLE
2026-06-12 18:45:00,ARBUSDT,SHORT,SHORT,,,,0.0838,0.0792,15,False,False,,0.0822,,False,0.082,,SHORT,,0.0814,0.0812,0.0813,,bearish,,,False,False,False,EXPIRED
2026-06-12 18:45:00,SOLUSDT,SHORT,SHORT,,,,65.99,63.63,15,False,False,,,,False,,,,,,,,,,,,False,False,False,EXPIRED
2026-06-12 18:45:00,INJUSDT,,,,,,,,15,False,False,,,,False,,,,,,,,,,,,False,False,False,IDLE
2026-06-12 18:45:00,LDOUSDT,SHORT,SHORT,,,,0.2727,0.2627,15,False,False,,,,False,,,,,,,,,,,,False,False,False,EXPIRED
2026-06-12 18:45:00,FETUSDT,SHORT,SHORT,,,,0.2033,0.2027,15,False,False,,,,False,,,,,,,,,,,,False,False,False,EXPIRED
2026-06-12 18:45:00,OPUSDT,LONG,LONG,STRONG,,,0.0911,0.1009,15,False,False,,,,False,,,LONG,,0.0986,0.0959,0.09725,,bullish,,,False,False,False,IDLE
2026-06-12 18:45:00,APTUSDT,SHORT,SHORT,WEAK,,,0.6648,0.6326,15,False,False,,,,False,,,SHORT,,0.657,0.6567,0.65685,,bearish,,,False,False,False,IDLE
2026-06-12 18:45:01,LINKUSDT,SHORT,SHORT,WEAK,,,7.975,7.753,15,False,False,,,,False,,,SHORT,,7.881,7.841,7.861,,bearish,,,False,False,False,IDLE
2026-06-12 18:45:02,XRPUSDT,SHORT,SHORT,,,,1.2054,1.1193,15,False,False,,,,False,,,,,,,,,,,,False,False,False,EXPIRED
2026-06-12 18:45:03,DOGEUSDT,SHORT,SHORT,WEAK,,,0.08724,0.08511,15,False,False,,,,False,,,SHORT,,0.08624,0.08617,0.086205,,bearish,,,False,False,False,IDLE
2026-06-12 18:46:00,BTCUSDT,SHORT,SHORT,WEAK,,,63795.5,62831.2,15,False,False,,,,False,,,SHORT,,63588.6,63374.9,63481.75,,bearish,,,False,False,False,IDLE
2026-06-12 18:46:00,SUIUSDT,SHORT,SHORT,WEAK,,,0.769,0.7452,15,False,False,,,,False,,,SHORT,,0.7598,0.7533,0.75655,,bearish,,,False,False,False,IDLE
2026-06-12 18:46:00,ETHUSDT,SHORT,SHORT,,,,1642.0,1604.9,15,False,False,,,,False,,,,,,,,,,,,False,False,False,EXPIRED
2026-06-12 18:46:00,UNIUSDT,SHORT,SHORT,WEAK,,,2.56,2.477,15,False,True,BSL,2.514,100,True,2.49,477,SHORT,2.535,2.512,2.502,2.507,,bearish,,C,False,False,True,WAIT_POI_CONFIRM
2026-06-12 18:46:00,BNBUSDT,SHORT,SHORT,WEAK,,,606.67,597.16,15,False,False,,,,False,,,SHORT,,602.25,602.18,602.215,,bearish,,,False,False,False,IDLE
2026-06-12 18:46:00,ADAUSDT,SHORT,SHORT,WEAK,,,0.1733,0.1681,15,False,False,,,,False,,,SHORT,,0.171,0.1706,0.1708,,bearish,,,False,False,False,IDLE
2026-06-12 18:46:00,STXUSDT,SHORT,SHORT,WEAK,,,0.1878,0.1797,15,False,False,,,,False,,,SHORT,,0.1839,0.1812,0.18255,,bearish,,,False,False,False,IDLE
2026-06-12 18:46:00,DOTUSDT,SHORT,SHORT,WEAK,,,0.974,0.94,15,False,False,,,,False,,,SHORT,,0.957,0.955,0.956,,bearish,,,False,False,False,IDLE
2026-06-12 18:46:00,AVAXUSDT,SHORT,SHORT,,,,6.875,6.51,15,False,False,,,,False,,,,,,,,,,,,False,False,False,EXPIRED
